﻿{
  "ConnectionStrings": {
    "SystemLogConnection": "Host=172.20.95.62,172.20.95.63;Port=5432;Database=SystemLogDB;Username=postgres;Password=Aa@111318526",
    "DefaultConnection": "User Id=SMARTAPI;Password=smartapi;Data Source=(DESCRIPTION=(ADDRESS_LIST=(ADDRESS=(PROTOCOL=TCP)(HOST=10.35.9.36)(PORT=1521)))(CONNECT_DATA=(SERVER=dedicated)(SID=GM2G)))"
  },
  "Serilog": {
    "Using": [ "Serilog.Sinks.PostgreSQL" ],
    "MinimumLevel": "Information",
    "Enrich": [ "FromLogContext", "WithMachineName", "WithThreadId" ],
    "WriteTo": [
      {
        "Name": "PostgreSQL",
        "Args": {
          "connectionString": "ConnectionStrings:DefaultConnection",
          "tableName": "Logs",
          "needAutoCreateTable": false,
          "columnOptionsSection": {
            "customColumns": [
              {
                "ColumnName": "Application",
                "DataType": "varchar"
              },
              {
                "ColumnName": "Service",
                "DataType": "varchar"
              },
              {
                "ColumnName": "Method",
                "DataType": "varchar"
              },
              {
                "ColumnName": "RequestId",
                "DataType": "varchar"
              },
              {
                "ColumnName": "RequestData",
                "DataType": "jsonb"
              },
              {
                "ColumnName": "AdditionalData",
                "DataType": "jsonb"
              }
            ]
          }
        }
      }
    ],
    "Properties": {
      "Application": "YourApplicationName"
    }
  }
}
